position,phyloP_score,phastCons_score,GERP++,taxon_group,gene,species
1000001,1.587,0.0269,-0.572,primate,FBN1,Homo sapiens
1000003,3.307,0.5553,4.473,mammal,TP53,Rattus norvegicus
1000006,3.606,0.543,3.012,mammal,HTT,Rattus norvegicus
1000011,3.067,0.5869,2.375,mammal,APOE,Mus musculus
1000013,2.45,0.5937,4.038,mammal,APOE,Bos taurus
1000017,5.514,0.9254,5.795,vertebrate,EGFR,Danio rerio
1000022,5.682,0.9394,5.362,vertebrate,SOD1,Xenopus tropicalis
1000027,3.69,0.9191,5.028,vertebrate,MYC,Xenopus tropicalis
1000028,-0.546,0.1396,1.505,primate,APOE,Homo sapiens
1000033,1.703,0.3753,0.229,primate,FBN1,Pan troglodytes
1000038,2.411,0.6607,4.402,mammal,FBN1,Mus musculus
1000041,3.184,0.6845,3.21,mammal,HTT,Mus musculus
1000046,3.306,0.9483,3.443,mammal,TP53,Rattus norvegicus
1000050,1.166,0.756,2.881,mammal,BRCA1,Mus musculus
1000051,5.405,0.9149,4.355,vertebrate,SOD1,Xenopus tropicalis
1000055,-1.06,0.1603,-0.251,primate,SOD1,Homo sapiens
1000059,2.436,0.4073,2.206,primate,SOD1,Homo sapiens
1000061,1.73,0.7631,3.597,mammal,SOD1,Rattus norvegicus
1000063,4.951,0.9722,4.818,vertebrate,HTT,Gallus gallus
1000068,1.61,0.5379,2.812,primate,SOD1,Homo sapiens
1000073,3.936,0.9089,4.138,vertebrate,BRCA1,Xenopus tropicalis
1000074,4.327,0.9635,4.116,vertebrate,APOE,Gallus gallus
1000076,2.148,0.4626,-0.983,primate,EGFR,Pan troglodytes
1000080,4.552,0.9046,4.273,vertebrate,MYC,Xenopus tropicalis
1000082,6.13,0.9738,4.84,vertebrate,HTT,Danio rerio
1000086,2.393,0.7806,2.656,mammal,MYC,Bos taurus
1000087,6.582,0.925,4.044,vertebrate,SOD1,Xenopus tropicalis
1000092,0.005,0.3954,-0.951,primate,HTT,Pan troglodytes
1000096,2.418,0.5181,-0.114,primate,EGFR,Pan troglodytes
1000100,3.846,0.9848,4.25,vertebrate,FBN1,Gallus gallus
1000103,6.051,0.981,5.137,vertebrate,TP53,Gallus gallus
1000104,1.455,0.6755,4.357,mammal,SOD1,Rattus norvegicus
1000109,2.851,0.5639,4.189,mammal,EGFR,Mus musculus
1000110,2.847,0.6273,4.335,mammal,APOE,Bos taurus
1000111,1.618,0.5567,2.315,mammal,SOD1,Mus musculus
1000113,6.798,0.9164,4.972,vertebrate,APOE,Xenopus tropicalis
1000118,1.41,0.9175,3.262,mammal,SOD1,Bos taurus
1000119,2.754,0.7975,3.761,mammal,EGFR,Bos taurus
1000123,1.371,0.8664,2.491,mammal,SOD1,Mus musculus
1000125,4.694,0.9353,4.463,vertebrate,MYC,Gallus gallus
1000126,3.085,0.9503,4.498,primate,SOD1,Homo sapiens
1000128,3.138,0.9472,4.446,mammal,HTT,Rattus norvegicus
1000131,5.189,0.9143,5.245,vertebrate,APOE,Danio rerio
1000133,6.476,0.9093,5.595,vertebrate,SOD1,Gallus gallus
1000134,6.56,0.9662,4.964,vertebrate,SOD1,Danio rerio
1000136,2.018,0.7183,2.547,mammal,MYC,Mus musculus
1000138,5.853,0.9603,4.622,vertebrate,EGFR,Gallus gallus
1000140,2.657,0.827,3.692,mammal,APOE,Rattus norvegicus
1000143,1.191,0.6584,3.681,mammal,TP53,Mus musculus
1000146,2.015,0.2798,1.72,primate,BRCA1,Homo sapiens
1000149,4.279,0.9156,4.432,vertebrate,FBN1,Danio rerio
1000151,5.234,0.9785,4.63,vertebrate,TP53,Danio rerio
1000156,2.781,0.7635,3.843,mammal,TP53,Mus musculus
1000160,3.888,0.869,3.513,mammal,HTT,Mus musculus
1000165,4.022,0.9177,4.541,vertebrate,APOE,Danio rerio
1000167,6.909,0.9771,5.445,vertebrate,FBN1,Danio rerio
1000171,6.677,0.9661,5.433,vertebrate,FBN1,Danio rerio
1000176,3.824,0.8468,4.325,primate,HTT,Pan troglodytes
1000179,3.637,0.9705,4.153,primate,SOD1,Homo sapiens
1000180,5.697,0.9438,5.724,vertebrate,SOD1,Gallus gallus
1000184,0.053,0.5112,0.372,primate,EGFR,Homo sapiens
1000185,2.493,0.5904,0.636,primate,APOE,Homo sapiens
1000190,5.026,0.9205,5.14,vertebrate,BRCA1,Xenopus tropicalis
1000192,6.351,0.9762,4.724,vertebrate,SOD1,Xenopus tropicalis
1000196,5.709,0.975,4.938,vertebrate,EGFR,Gallus gallus
1000199,-1.587,0.1358,0.323,primate,TP53,Pan troglodytes
1000203,4.423,0.9848,4.426,vertebrate,MYC,Xenopus tropicalis
1000205,-0.723,0.4227,-0.02,primate,TP53,Homo sapiens
1000209,-1.972,0.3354,-0.302,primate,FBN1,Pan troglodytes
1000211,2.977,0.8223,3.523,mammal,FBN1,Bos taurus
1000216,1.011,0.7018,3.132,mammal,APOE,Mus musculus
1000219,6.783,0.9588,4.814,vertebrate,SOD1,Gallus gallus
1000223,6.441,0.9139,4.496,vertebrate,FBN1,Xenopus tropicalis
1000226,2.61,0.6097,4.267,mammal,HTT,Bos taurus
1000229,-0.55,0.0193,2.205,primate,TP53,Pan troglodytes
1000232,1.76,0.1323,1.857,primate,FBN1,Pan troglodytes
1000234,1.799,0.8011,2.171,mammal,BRCA1,Mus musculus
1000238,3.614,0.8716,4.988,primate,APOE,Homo sapiens
1000241,-0.458,0.3097,-0.672,primate,HTT,Homo sapiens
1000245,1.081,0.8213,3.718,mammal,MYC,Rattus norvegicus
1000246,6.587,0.9894,4.722,vertebrate,APOE,Gallus gallus
1000249,3.775,0.965,5.046,vertebrate,TP53,Danio rerio
1000253,4.085,0.9987,4.02,vertebrate,FBN1,Gallus gallus
1000255,2.022,0.7944,4.453,mammal,HTT,Rattus norvegicus
1000256,5.401,0.9485,4.212,vertebrate,FBN1,Xenopus tropicalis
1000261,1.799,0.07,2.107,primate,MYC,Homo sapiens
1000265,5.973,0.9075,5.885,vertebrate,HTT,Gallus gallus
1000270,-1.5,0.1193,2.091,primate,FBN1,Homo sapiens
1000275,5.864,0.902,5.911,vertebrate,EGFR,Danio rerio
1000279,6.618,0.942,5.014,vertebrate,APOE,Gallus gallus
1000282,2.118,0.7103,3.329,mammal,BRCA1,Mus musculus
1000284,3.321,0.8809,3.576,mammal,EGFR,Rattus norvegicus
1000288,-0.701,0.2425,1.475,primate,TP53,Homo sapiens
1000292,2.405,0.5918,0.449,primate,HTT,Pan troglodytes
1000297,-0.74,0.2173,1.748,primate,FBN1,Homo sapiens
1000300,0.748,0.3687,1.287,primate,TP53,Homo sapiens
1000305,-0.724,0.2166,1.415,primate,BRCA1,Pan troglodytes
1000309,6.871,0.9089,4.67,vertebrate,SOD1,Danio rerio
1000311,-0.861,0.0202,2.703,primate,BRCA1,Pan troglodytes
1000313,1.101,0.9293,3.081,mammal,FBN1,Bos taurus
1000314,4.471,0.9722,5.254,vertebrate,EGFR,Gallus gallus
1000317,3.637,0.9825,5.109,vertebrate,TP53,Xenopus tropicalis
1000319,5.271,0.9942,4.321,vertebrate,EGFR,Gallus gallus
1000322,6.512,0.92,5.868,vertebrate,BRCA1,Xenopus tropicalis
1000325,4.738,0.9903,4.215,vertebrate,FBN1,Gallus gallus
1000327,-0.528,0.4813,-0.444,primate,EGFR,Pan troglodytes
1000330,5.834,0.9082,4.447,vertebrate,FBN1,Xenopus tropicalis
1000334,6.997,0.9728,5.52,vertebrate,TP53,Xenopus tropicalis
1000337,1.21,0.403,0.982,primate,TP53,Homo sapiens
1000341,4.007,0.9343,5.351,vertebrate,EGFR,Gallus gallus
1000342,5.579,0.9043,4.042,vertebrate,APOE,Xenopus tropicalis
1000345,1.174,0.9098,4.201,mammal,EGFR,Rattus norvegicus
1000349,6.967,0.9154,4.98,vertebrate,HTT,Danio rerio
1000352,6.013,0.9935,4.718,vertebrate,EGFR,Gallus gallus
1000354,1.613,0.7998,3.681,mammal,MYC,Mus musculus
1000357,3.902,0.8986,3.171,mammal,MYC,Bos taurus
1000358,3.163,0.8265,4.452,primate,MYC,Homo sapiens
1000359,5.315,0.9727,5.39,vertebrate,BRCA1,Danio rerio
1000363,3.348,0.9162,3.026,mammal,FBN1,Mus musculus
1000368,4.909,0.9433,4.672,vertebrate,EGFR,Xenopus tropicalis
1000370,6.315,0.9345,4.287,vertebrate,TP53,Gallus gallus
1000371,1.911,0.3609,0.049,primate,MYC,Homo sapiens
1000373,5.953,0.9641,5.855,vertebrate,BRCA1,Gallus gallus
1000374,1.594,0.7563,4.253,mammal,TP53,Mus musculus
1000378,3.878,0.9371,5.641,vertebrate,SOD1,Danio rerio
1000380,6.567,0.9061,5.503,vertebrate,TP53,Danio rerio
1000384,3.304,0.6327,4.08,mammal,FBN1,Bos taurus
1000389,5.245,0.9895,5.196,vertebrate,EGFR,Danio rerio
1000390,1.035,0.8695,3.396,mammal,BRCA1,Rattus norvegicus
1000391,-0.292,0.1849,2.903,primate,EGFR,Pan troglodytes
1000392,5.272,0.9312,4.884,vertebrate,APOE,Danio rerio
1000396,2.55,0.8547,4.257,primate,HTT,Homo sapiens
1000399,3.82,0.7347,3.296,mammal,TP53,Bos taurus
1000403,3.083,0.8603,3.326,mammal,HTT,Mus musculus
1000407,2.174,0.7142,3.42,mammal,SOD1,Mus musculus
1000411,6.465,0.9384,4.265,vertebrate,HTT,Gallus gallus
1000413,3.604,0.5562,3.726,mammal,HTT,Rattus norvegicus
1000417,4.54,0.9416,5.747,vertebrate,BRCA1,Xenopus tropicalis
1000420,3.468,0.5974,4.184,mammal,FBN1,Rattus norvegicus
1000423,3.716,0.9079,5.002,vertebrate,EGFR,Gallus gallus
1000424,6.408,0.9824,5.122,vertebrate,TP53,Gallus gallus
1000428,2.115,0.659,3.715,mammal,FBN1,Rattus norvegicus
1000429,1.019,0.79,4.257,mammal,HTT,Bos taurus
1000432,3.995,0.9167,4.717,vertebrate,APOE,Gallus gallus
1000434,2.429,0.6312,4.254,mammal,HTT,Bos taurus
1000435,0.867,0.0122,1.995,primate,APOE,Pan troglodytes
1000438,2.176,0.6965,2.64,mammal,EGFR,Rattus norvegicus
1000440,2.156,0.4612,2.457,primate,MYC,Homo sapiens
1000441,3.867,0.5998,2.269,mammal,EGFR,Bos taurus
1000443,3.929,0.6315,2.936,mammal,EGFR,Bos taurus
1000446,6.402,0.9949,5.526,vertebrate,TP53,Gallus gallus
1000449,3.141,0.6333,2.459,mammal,BRCA1,Rattus norvegicus
1000450,6.425,0.9512,4.135,vertebrate,EGFR,Danio rerio
1000451,3.037,0.722,4.292,mammal,TP53,Mus musculus
1000456,6.325,0.9607,5.007,vertebrate,APOE,Xenopus tropicalis
1000460,2.416,0.5919,-0.892,primate,TP53,Pan troglodytes
1000463,3.537,0.9014,4.125,vertebrate,MYC,Xenopus tropicalis
1000465,6.058,0.9764,4.223,vertebrate,HTT,Gallus gallus
1000468,4.743,0.987,5.048,vertebrate,EGFR,Gallus gallus
1000473,0.639,0.5613,1.252,primate,EGFR,Pan troglodytes
1000478,4.632,0.9224,4.111,vertebrate,SOD1,Xenopus tropicalis
1000480,6.771,0.929,5.732,vertebrate,MYC,Xenopus tropicalis
1000484,4.679,0.9356,5.783,vertebrate,TP53,Gallus gallus
1000488,1.022,0.7468,4.316,mammal,HTT,Bos taurus
1000490,2.472,0.5264,3.999,mammal,EGFR,Rattus norvegicus
1000494,6.335,0.9481,5.641,vertebrate,APOE,Gallus gallus
1000498,6.132,0.9717,5.341,vertebrate,EGFR,Danio rerio
1000501,1.114,0.5379,-0.877,primate,FBN1,Pan troglodytes
1000503,3.582,0.9348,5.715,vertebrate,HTT,Gallus gallus
1000506,5.11,0.9401,5.084,vertebrate,BRCA1,Xenopus tropicalis
1000507,2.947,0.9119,2.401,mammal,SOD1,Mus musculus
1000508,3.499,0.6624,3.051,mammal,BRCA1,Rattus norvegicus
1000512,3.831,0.935,4.325,vertebrate,HTT,Gallus gallus
1000515,3.788,0.9079,5.648,vertebrate,EGFR,Gallus gallus
1000520,5.015,0.9661,5.503,vertebrate,MYC,Danio rerio
1000521,5.082,0.943,4.43,vertebrate,BRCA1,Xenopus tropicalis
1000522,3.872,0.9633,4.52,vertebrate,BRCA1,Gallus gallus
1000526,2.403,0.7065,3.69,mammal,APOE,Mus musculus
1000529,5.378,0.9716,4.385,vertebrate,EGFR,Xenopus tropicalis
1000530,2.354,0.8991,4.144,mammal,EGFR,Bos taurus
1000534,6.985,0.9,5.516,vertebrate,FBN1,Danio rerio
1000535,0.746,0.1434,1.567,primate,APOE,Homo sapiens
1000539,-1.918,0.3979,1.957,primate,HTT,Pan troglodytes
1000540,3.787,0.5161,3.326,mammal,APOE,Rattus norvegicus
1000544,6.813,0.9962,4.293,vertebrate,APOE,Gallus gallus
1000549,2.295,0.2825,-0.03,primate,TP53,Homo sapiens
1000552,5.617,0.9333,4.245,vertebrate,MYC,Danio rerio
1000556,2.226,0.6419,2.515,mammal,EGFR,Bos taurus
1000557,2.879,0.5335,2.163,mammal,APOE,Mus musculus
1000558,3.113,0.7559,3.962,mammal,SOD1,Mus musculus
1000561,-0.41,0.1452,1.679,primate,EGFR,Homo sapiens
1000563,6.87,0.9826,4.041,vertebrate,HTT,Xenopus tropicalis
1000566,5.943,0.9206,5.622,vertebrate,SOD1,Xenopus tropicalis
1000570,3.775,0.9291,5.363,vertebrate,SOD1,Gallus gallus
1000572,6.893,0.9743,5.445,vertebrate,MYC,Xenopus tropicalis
1000577,-0.163,0.5885,0.906,primate,SOD1,Homo sapiens
1000578,3.735,0.6254,4.031,mammal,MYC,Mus musculus
1000583,2.485,0.8593,2.031,mammal,MYC,Bos taurus
1000587,3.479,0.8869,3.681,mammal,EGFR,Bos taurus
1000592,2.385,0.4104,2.931,primate,TP53,Homo sapiens
1000597,4.432,0.9689,4.764,vertebrate,SOD1,Xenopus tropicalis
1000602,6.285,0.9312,5.101,vertebrate,EGFR,Gallus gallus
1000605,4.621,0.9728,5.041,vertebrate,EGFR,Danio rerio
1000609,2.941,0.5156,2.159,mammal,HTT,Mus musculus
1000611,3.13,0.9743,4.131,primate,HTT,Pan troglodytes
1000616,-1.696,0.1058,0.918,primate,APOE,Homo sapiens
1000621,3.597,0.5349,2.626,mammal,FBN1,Rattus norvegicus
1000623,6.533,0.9267,5.803,vertebrate,BRCA1,Gallus gallus
1000625,5.859,0.9382,5.101,vertebrate,TP53,Gallus gallus
1000626,1.222,0.9369,4.379,mammal,SOD1,Rattus norvegicus
1000627,3.318,0.8836,3.897,mammal,BRCA1,Rattus norvegicus
1000632,1.919,0.845,2.055,mammal,BRCA1,Mus musculus
1000634,5.106,0.9857,5.851,vertebrate,FBN1,Danio rerio
1000635,3.994,0.6141,3.187,mammal,FBN1,Mus musculus
1000637,4.129,0.9609,4.609,vertebrate,SOD1,Danio rerio
1000641,-1.919,0.4309,0.496,primate,BRCA1,Homo sapiens
1000645,1.569,0.6105,3.928,mammal,SOD1,Rattus norvegicus
1000650,6.858,0.944,4.987,vertebrate,MYC,Gallus gallus
1000652,2.293,0.0183,-0.633,primate,SOD1,Pan troglodytes
1000653,3.139,0.7868,4.288,mammal,FBN1,Mus musculus
1000655,3.993,0.7569,3.833,mammal,EGFR,Mus musculus
1000658,0.221,0.4598,0.784,primate,APOE,Homo sapiens
1000659,4.036,0.996,4.54,vertebrate,FBN1,Danio rerio
1000663,5.511,0.9609,5.073,vertebrate,APOE,Danio rerio
1000664,5.597,0.9366,5.42,vertebrate,SOD1,Danio rerio
1000665,2.017,0.8736,3.477,mammal,SOD1,Bos taurus
1000666,2.433,0.8152,4.277,mammal,BRCA1,Rattus norvegicus
1000668,1.258,0.0652,0.059,primate,FBN1,Pan troglodytes
1000669,-1.006,0.0551,-0.948,primate,TP53,Homo sapiens
1000674,3.311,0.5903,3.203,mammal,SOD1,Rattus norvegicus
1000679,4.461,0.9495,5.445,vertebrate,HTT,Xenopus tropicalis
1000683,0.907,0.0046,2.76,primate,FBN1,Pan troglodytes
1000684,2.639,0.6259,4.442,mammal,EGFR,Bos taurus
1000688,4.282,0.9314,4.794,vertebrate,MYC,Danio rerio
1000689,2.349,0.2637,1.922,primate,EGFR,Pan troglodytes
1000692,-0.66,0.025,0.691,primate,EGFR,Homo sapiens
1000693,1.081,0.3721,0.97,primate,HTT,Homo sapiens
1000696,3.552,0.9017,5.068,vertebrate,APOE,Xenopus tropicalis
1000700,6.434,0.9878,4.723,vertebrate,FBN1,Danio rerio
1000703,5.164,0.9152,5.097,vertebrate,MYC,Gallus gallus
1000707,2.978,0.7818,4.228,mammal,TP53,Bos taurus
1000710,4.483,0.9984,5.38,vertebrate,BRCA1,Xenopus tropicalis
1000711,3.157,0.9381,4.175,primate,BRCA1,Homo sapiens
1000712,5.257,0.9609,4.965,vertebrate,MYC,Gallus gallus
1000713,1.301,0.4011,1.758,primate,HTT,Pan troglodytes
1000716,2.265,0.2322,1.765,primate,TP53,Homo sapiens
1000721,3.625,0.9269,4.304,vertebrate,APOE,Danio rerio
1000725,1.997,0.8867,3.714,mammal,BRCA1,Rattus norvegicus
1000728,1.847,0.5593,4.37,mammal,BRCA1,Bos taurus
1000732,2.079,0.8941,2.536,mammal,EGFR,Bos taurus
1000735,5.117,0.9164,4.73,vertebrate,FBN1,Gallus gallus
1000739,4.496,0.965,4.304,vertebrate,TP53,Xenopus tropicalis
1000743,-0.194,0.2071,1.184,primate,SOD1,Pan troglodytes
1000746,1.958,0.588,4.315,mammal,FBN1,Mus musculus
1000748,-1.421,0.5498,1.308,primate,TP53,Homo sapiens
1000752,6.695,0.9168,4.41,vertebrate,APOE,Gallus gallus
1000755,4.591,0.9935,4.879,vertebrate,APOE,Xenopus tropicalis
1000757,5.361,0.9115,4.979,vertebrate,BRCA1,Xenopus tropicalis
1000759,6.109,0.9059,4.277,vertebrate,SOD1,Xenopus tropicalis
1000764,-0.617,0.1888,0.333,primate,EGFR,Homo sapiens
1000767,1.897,0.932,3.251,mammal,APOE,Mus musculus
1000772,-0.707,0.5096,2.293,primate,MYC,Pan troglodytes
1000776,1.004,0.9136,4.215,mammal,APOE,Bos taurus
1000777,2.322,0.3234,0.609,primate,TP53,Pan troglodytes
1000782,3.417,0.7864,3.006,mammal,BRCA1,Bos taurus
1000783,1.467,0.3716,0.806,primate,MYC,Pan troglodytes
1000786,1.276,0.9463,2.391,mammal,HTT,Mus musculus
1000787,4.526,0.9629,4.148,vertebrate,HTT,Gallus gallus
1000792,1.712,0.139,0.323,primate,BRCA1,Homo sapiens
1000793,2.825,0.7199,3.579,mammal,HTT,Bos taurus
1000798,1.939,0.7451,2.37,mammal,APOE,Rattus norvegicus
1000799,2.438,0.5334,3.756,mammal,APOE,Mus musculus
1000803,3.627,0.9646,4.037,vertebrate,FBN1,Xenopus tropicalis
1000807,6.445,0.9503,4.649,vertebrate,TP53,Gallus gallus
1000809,6.619,0.9768,5.756,vertebrate,BRCA1,Gallus gallus
1000812,3.729,0.9629,4.906,primate,HTT,Pan troglodytes
1000813,6.49,0.9477,5.571,vertebrate,HTT,Gallus gallus
1000818,2.537,0.5433,3.338,mammal,EGFR,Bos taurus
1000821,5.103,0.9288,4.134,vertebrate,APOE,Danio rerio
1000824,5.443,0.9941,4.826,vertebrate,APOE,Danio rerio
1000828,1.621,0.8635,3.269,mammal,SOD1,Rattus norvegicus
1000833,1.646,0.5465,2.706,mammal,SOD1,Rattus norvegicus
1000838,5.335,0.9973,4.414,vertebrate,TP53,Danio rerio
1000842,2.393,0.9019,4.329,mammal,MYC,Bos taurus
1000843,1.471,0.1222,-0.396,primate,MYC,Pan troglodytes
1000848,3.596,0.9429,4.967,vertebrate,APOE,Danio rerio
1000852,-1.453,0.1877,2.468,primate,APOE,Homo sapiens
1000854,5.162,0.9665,5.659,vertebrate,SOD1,Danio rerio
1000856,3.922,0.5512,2.983,mammal,BRCA1,Bos taurus
1000861,1.946,0.2924,1.255,primate,MYC,Homo sapiens
1000864,6.612,0.9192,4.495,vertebrate,FBN1,Gallus gallus
1000868,5.241,0.9457,5.421,vertebrate,SOD1,Danio rerio
1000872,4.026,0.9515,5.312,vertebrate,TP53,Xenopus tropicalis
1000873,6.763,0.9118,4.551,vertebrate,BRCA1,Xenopus tropicalis
1000878,1.686,0.5803,2.664,mammal,MYC,Rattus norvegicus
1000881,1.092,0.1486,1.175,primate,TP53,Homo sapiens
1000884,0.919,0.526,1.246,primate,BRCA1,Homo sapiens
1000889,1.669,0.834,4.121,mammal,SOD1,Bos taurus
1000894,-0.709,0.1941,0.601,primate,BRCA1,Pan troglodytes
1000897,1.698,0.825,4.42,mammal,FBN1,Bos taurus
1000900,2.358,0.6459,2.737,mammal,HTT,Bos taurus
1000901,2.153,0.5107,3.721,mammal,EGFR,Mus musculus
1000905,6.694,0.9244,5.845,vertebrate,EGFR,Xenopus tropicalis
1000906,3.96,0.9021,3.537,primate,HTT,Pan troglodytes
1000910,-0.084,0.2869,2.977,primate,EGFR,Homo sapiens
1000912,0.079,0.011,-0.114,primate,EGFR,Pan troglodytes
1000917,1.514,0.6231,3.069,mammal,HTT,Rattus norvegicus
1000922,2.415,0.8279,3.228,mammal,APOE,Mus musculus
1000927,1.415,0.76,2.505,mammal,APOE,Bos taurus
1000930,0.753,0.0942,-0.405,primate,HTT,Homo sapiens
1000931,2.502,0.7277,3.111,mammal,TP53,Mus musculus
1000932,6.295,0.9021,4.664,vertebrate,FBN1,Gallus gallus
1000934,3.407,0.5373,4.339,mammal,HTT,Rattus norvegicus
1000939,2.756,0.5164,3.464,mammal,APOE,Rattus norvegicus
1000944,3.262,0.5041,4.021,mammal,APOE,Rattus norvegicus
1000948,5.122,0.9847,4.24,vertebrate,EGFR,Danio rerio
1000952,2.751,0.9606,4.028,primate,BRCA1,Pan troglodytes
1000954,-0.506,0.4605,2.112,primate,TP53,Pan troglodytes
1000958,3.919,0.9427,4.256,vertebrate,FBN1,Xenopus tropicalis
1000963,3.893,0.9376,4.844,vertebrate,APOE,Xenopus tropicalis
1000968,0.179,0.3648,-0.565,primate,FBN1,Pan troglodytes
1000973,5.811,0.9753,4.66,vertebrate,MYC,Gallus gallus
1000976,4.581,0.9961,5.411,vertebrate,APOE,Gallus gallus
1000977,-0.803,0.4642,1.344,primate,APOE,Homo sapiens
1000981,3.804,0.7781,4.226,mammal,TP53,Rattus norvegicus
1000986,3.326,0.7122,3.939,mammal,BRCA1,Bos taurus
1000987,4.965,0.9201,4.293,vertebrate,EGFR,Danio rerio
1000991,4.754,0.9013,4.132,vertebrate,MYC,Gallus gallus
1000995,1.392,0.2541,2.805,primate,EGFR,Homo sapiens
1000999,4.968,0.9036,4.654,vertebrate,TP53,Danio rerio
1001002,6.145,0.9097,5.909,vertebrate,SOD1,Danio rerio
1001005,4.305,0.9934,4.178,vertebrate,BRCA1,Danio rerio
1001006,3.261,0.6986,3.814,mammal,SOD1,Rattus norvegicus
1001008,3.59,0.934,2.168,mammal,TP53,Rattus norvegicus
1001010,5.712,0.9937,4.176,vertebrate,MYC,Danio rerio
1001014,6.581,0.92,5.109,vertebrate,HTT,Gallus gallus
1001017,6.16,0.9175,4.671,vertebrate,HTT,Xenopus tropicalis
1001020,0.75,0.4931,1.818,primate,APOE,Homo sapiens
1001023,1.413,0.5887,2.136,mammal,APOE,Rattus norvegicus
1001024,5.478,0.9749,4.639,vertebrate,TP53,Xenopus tropicalis
1001028,6.37,0.9361,4.903,vertebrate,SOD1,Danio rerio
1001032,3.164,0.5459,3.968,mammal,APOE,Mus musculus
1001037,6.606,0.9956,5.9,vertebrate,FBN1,Danio rerio
1001040,6.229,0.9174,5.674,vertebrate,TP53,Gallus gallus
1001041,1.543,0.1801,1.944,primate,BRCA1,Pan troglodytes
1001046,2.928,0.7809,4.296,mammal,BRCA1,Rattus norvegicus
1001047,6.054,0.9382,4.05,vertebrate,TP53,Danio rerio
1001048,5.671,0.907,4.652,vertebrate,EGFR,Danio rerio
1001049,2.409,0.0234,-0.049,primate,FBN1,Homo sapiens
1001054,5.238,0.923,4.855,vertebrate,BRCA1,Danio rerio
1001058,2.833,0.7433,4.087,mammal,SOD1,Bos taurus
1001061,5.643,0.9905,4.822,vertebrate,MYC,Gallus gallus
1001063,3.221,0.6995,2.518,mammal,FBN1,Rattus norvegicus
1001065,1.964,0.6312,4.32,mammal,APOE,Rattus norvegicus
1001066,2.977,0.56,3.976,mammal,BRCA1,Mus musculus
1001067,2.603,0.8375,4.291,primate,HTT,Pan troglodytes
1001069,6.749,0.9269,5.536,vertebrate,MYC,Danio rerio
1001070,1.316,0.5053,2.378,mammal,FBN1,Mus musculus
1001072,1.581,0.5254,3.244,mammal,SOD1,Rattus norvegicus
1001077,0.692,0.4913,-0.248,primate,APOE,Homo sapiens
1001082,1.809,0.5201,4.118,mammal,HTT,Mus musculus
1001083,4.59,0.9725,5.453,vertebrate,EGFR,Xenopus tropicalis
1001087,6.539,0.9025,4.372,vertebrate,APOE,Danio rerio
1001090,2.496,0.599,3.306,mammal,BRCA1,Rattus norvegicus
1001093,3.377,0.8537,2.733,mammal,FBN1,Mus musculus
1001096,1.966,0.638,3.473,mammal,HTT,Rattus norvegicus
1001098,1.053,0.5515,-0.953,primate,HTT,Pan troglodytes
1001103,5.795,0.976,5.826,vertebrate,MYC,Xenopus tropicalis
1001107,3.814,0.7789,4.133,mammal,BRCA1,Bos taurus
1001110,4.08,0.9334,4.727,vertebrate,BRCA1,Xenopus tropicalis
1001112,0.105,0.5131,-0.009,primate,TP53,Homo sapiens
1001114,3.575,0.9493,4.883,vertebrate,HTT,Danio rerio
1001117,3.47,0.7069,2.399,mammal,MYC,Mus musculus
1001119,1.74,0.5638,3.654,mammal,MYC,Mus musculus
1001120,-0.702,0.5117,2.479,primate,FBN1,Homo sapiens
1001124,4.329,0.9688,5.821,vertebrate,BRCA1,Xenopus tropicalis
1001129,3.628,0.7019,2.342,mammal,HTT,Bos taurus
1001131,0.379,0.4746,2.626,primate,TP53,Pan troglodytes
1001134,3.441,0.9295,4.06,mammal,BRCA1,Bos taurus
1001137,1.17,0.7059,4.345,mammal,SOD1,Mus musculus
1001138,-1.955,0.1458,2.369,primate,FBN1,Homo sapiens
1001143,1.306,0.817,2.509,mammal,BRCA1,Mus musculus
1001146,6.762,0.9819,4.826,vertebrate,APOE,Xenopus tropicalis
1001151,2.457,0.9141,3.741,mammal,EGFR,Bos taurus
1001153,-1.607,0.3082,-0.147,primate,EGFR,Pan troglodytes
1001154,2.834,0.846,4.213,primate,SOD1,Pan troglodytes
1001155,4.198,0.9756,5.459,vertebrate,FBN1,Gallus gallus
1001158,3.828,0.5853,3.336,mammal,HTT,Mus musculus
1001161,5.577,0.933,5.955,vertebrate,BRCA1,Gallus gallus
1001163,3.36,0.8931,3.218,mammal,HTT,Mus musculus
1001167,1.211,0.9423,4.445,mammal,HTT,Mus musculus
1001169,0.892,0.5157,-0.873,primate,FBN1,Homo sapiens
1001172,4.669,0.9686,4.687,vertebrate,HTT,Xenopus tropicalis
1001177,0.843,0.2958,0.299,primate,BRCA1,Homo sapiens
1001181,1.239,0.5545,2.03,mammal,APOE,Rattus norvegicus
1001186,1.306,0.6905,4.098,mammal,SOD1,Rattus norvegicus
1001188,5.802,0.9988,4.435,vertebrate,FBN1,Danio rerio
1001189,-0.67,0.2682,-0.06,primate,TP53,Homo sapiens
1001192,4.888,0.9488,4.446,vertebrate,APOE,Danio rerio
1001193,1.909,0.7663,3.062,mammal,MYC,Bos taurus
1001196,4.161,0.9758,4.661,vertebrate,TP53,Xenopus tropicalis
1001197,2.482,0.8699,2.555,mammal,SOD1,Rattus norvegicus
1001201,2.4,0.5896,3.471,mammal,HTT,Rattus norvegicus
1001203,-1.835,0.0101,2.425,primate,TP53,Pan troglodytes
1001206,4.67,0.9137,4.383,vertebrate,FBN1,Gallus gallus
1001210,2.216,0.7743,2.891,mammal,EGFR,Bos taurus
1001214,5.381,0.9196,4.768,vertebrate,MYC,Xenopus tropicalis
1001218,1.635,0.6165,3.936,mammal,EGFR,Rattus norvegicus
1001221,0.904,0.1071,0.137,primate,HTT,Pan troglodytes
1001225,6.468,0.9328,5.23,vertebrate,BRCA1,Gallus gallus
1001230,-1.318,0.3488,1.719,primate,APOE,Pan troglodytes
1001234,5.933,0.9766,4.41,vertebrate,FBN1,Danio rerio
1001235,3.942,0.6325,2.001,mammal,FBN1,Bos taurus
1001238,5.766,0.9317,5.439,vertebrate,EGFR,Gallus gallus
1001239,2.011,0.5202,2.914,mammal,HTT,Rattus norvegicus
1001240,3.326,0.7449,3.998,mammal,TP53,Bos taurus
1001244,4.638,0.9956,5.858,vertebrate,HTT,Xenopus tropicalis
1001249,4.753,0.976,5.24,vertebrate,BRCA1,Xenopus tropicalis
1001252,4.0,0.9282,4.362,vertebrate,SOD1,Gallus gallus
1001256,3.643,0.7564,4.466,mammal,FBN1,Bos taurus
1001260,4.026,0.9297,5.481,vertebrate,BRCA1,Danio rerio
1001263,1.538,0.0759,0.651,primate,SOD1,Homo sapiens
1001265,-0.218,0.2456,2.539,primate,EGFR,Pan troglodytes
1001269,3.331,0.7681,2.541,mammal,MYC,Mus musculus
1001274,2.739,0.7463,2.994,mammal,BRCA1,Rattus norvegicus
1001276,1.184,0.5849,3.298,mammal,MYC,Rattus norvegicus
1001280,-0.35,0.0221,0.7,primate,BRCA1,Homo sapiens
1001283,3.737,0.8746,4.43,mammal,TP53,Mus musculus
1001287,0.59,0.5805,2.616,primate,BRCA1,Homo sapiens
1001291,-0.286,0.3336,1.373,primate,APOE,Pan troglodytes
1001293,5.421,0.9656,5.355,vertebrate,FBN1,Gallus gallus
1001298,4.326,0.9193,4.822,vertebrate,TP53,Xenopus tropicalis
1001303,6.66,0.9065,5.754,vertebrate,APOE,Danio rerio
1001306,0.851,0.2331,-0.374,primate,TP53,Pan troglodytes
1001309,4.356,0.9551,5.926,vertebrate,EGFR,Gallus gallus
1001314,6.867,0.908,5.205,vertebrate,FBN1,Xenopus tropicalis
1001316,3.978,0.811,3.96,mammal,BRCA1,Mus musculus
1001319,1.306,0.7035,3.422,mammal,SOD1,Bos taurus
1001323,2.666,0.511,4.42,mammal,MYC,Rattus norvegicus
1001325,2.311,0.8817,2.247,mammal,MYC,Rattus norvegicus
1001328,-1.257,0.1127,1.074,primate,SOD1,Homo sapiens
1001332,3.717,0.9189,5.078,vertebrate,BRCA1,Xenopus tropicalis
1001336,-0.683,0.4565,-0.506,primate,FBN1,Pan troglodytes
1001341,2.327,0.548,3.346,mammal,FBN1,Bos taurus
1001343,1.119,0.9252,3.307,mammal,BRCA1,Rattus norvegicus
1001346,5.453,0.9469,5.481,vertebrate,TP53,Xenopus tropicalis
1001347,4.078,0.9157,5.843,vertebrate,EGFR,Xenopus tropicalis
1001350,2.022,0.6481,2.147,mammal,TP53,Rattus norvegicus
1001353,3.29,0.7631,3.09,mammal,SOD1,Rattus norvegicus
1001355,3.449,0.8545,3.565,mammal,EGFR,Mus musculus
1001358,4.571,0.9288,4.15,vertebrate,APOE,Danio rerio
1001359,5.134,0.9865,4.188,vertebrate,HTT,Gallus gallus
1001364,4.254,0.9786,5.732,vertebrate,TP53,Gallus gallus
1001369,4.266,0.9092,4.107,vertebrate,FBN1,Gallus gallus
1001372,6.289,0.9585,4.183,vertebrate,TP53,Gallus gallus
1001376,2.466,0.0817,-0.416,primate,TP53,Pan troglodytes
1001381,-1.798,0.1951,-0.883,primate,TP53,Pan troglodytes
1001383,3.495,0.9786,3.783,primate,MYC,Homo sapiens
1001384,2.833,0.6914,3.81,mammal,HTT,Bos taurus
1001388,0.472,0.1636,-0.211,primate,BRCA1,Homo sapiens
1001392,6.117,0.9712,4.289,vertebrate,TP53,Xenopus tropicalis
1001393,4.874,0.9034,5.617,vertebrate,FBN1,Danio rerio
1001396,-1.917,0.5732,-0.49,primate,EGFR,Homo sapiens
1001397,1.049,0.6457,2.444,mammal,EGFR,Mus musculus
1001402,1.251,0.7317,4.029,mammal,APOE,Rattus norvegicus
1001404,0.707,0.5503,0.252,primate,TP53,Homo sapiens
1001406,3.872,0.9198,5.296,vertebrate,BRCA1,Danio rerio
1001409,5.01,0.9341,5.636,vertebrate,MYC,Gallus gallus
1001414,1.076,0.6447,3.228,mammal,FBN1,Rattus norvegicus
1001416,-1.606,0.1797,2.902,primate,APOE,Pan troglodytes
1001419,0.201,0.1586,-0.2,primate,EGFR,Pan troglodytes
1001424,5.178,0.9546,4.896,vertebrate,APOE,Danio rerio
1001429,3.442,0.7668,4.318,mammal,SOD1,Rattus norvegicus
1001432,1.395,0.7838,3.644,mammal,TP53,Rattus norvegicus
1001433,5.885,0.9135,4.224,vertebrate,EGFR,Danio rerio
1001436,1.642,0.5568,1.595,primate,EGFR,Pan troglodytes
1001441,4.061,0.9625,4.492,vertebrate,BRCA1,Gallus gallus
1001443,2.425,0.7876,3.272,mammal,SOD1,Mus musculus
1001447,1.255,0.7624,3.34,mammal,APOE,Rattus norvegicus
1001450,6.913,0.93,5.098,vertebrate,BRCA1,Xenopus tropicalis
1001451,1.314,0.5497,0.948,primate,EGFR,Pan troglodytes
1001453,6.87,0.9416,4.563,vertebrate,TP53,Xenopus tropicalis
1001454,5.414,0.9557,5.746,vertebrate,SOD1,Gallus gallus
1001459,6.851,0.9379,5.394,vertebrate,EGFR,Xenopus tropicalis
1001461,-1.709,0.4922,0.621,primate,TP53,Pan troglodytes
1001463,4.783,0.9696,4.524,vertebrate,APOE,Danio rerio
1001466,2.788,0.9453,4.828,primate,SOD1,Homo sapiens
1001468,4.435,0.9518,5.899,vertebrate,APOE,Xenopus tropicalis
1001472,-0.324,0.3413,0.01,primate,FBN1,Pan troglodytes
1001475,-1.278,0.1957,1.149,primate,SOD1,Pan troglodytes
1001480,3.818,0.9858,4.239,vertebrate,MYC,Danio rerio
1001481,1.039,0.0745,0.61,primate,HTT,Homo sapiens
1001484,1.33,0.5809,3.994,mammal,TP53,Rattus norvegicus
1001485,0.759,0.4623,0.269,primate,BRCA1,Homo sapiens
1001489,4.452,0.9766,4.898,vertebrate,MYC,Gallus gallus
1001493,-0.194,0.1044,-0.91,primate,BRCA1,Homo sapiens
1001495,2.945,0.8812,2.391,mammal,MYC,Mus musculus
1001496,4.935,0.9243,5.484,vertebrate,BRCA1,Gallus gallus
1001499,3.869,0.9573,5.013,vertebrate,BRCA1,Gallus gallus
1001500,2.541,0.5345,4.103,mammal,BRCA1,Bos taurus
1001504,5.018,0.9584,5.723,vertebrate,MYC,Danio rerio
1001507,3.306,0.8133,3.733,mammal,TP53,Mus musculus
1001511,2.997,0.7357,4.21,mammal,EGFR,Mus musculus
1001513,1.345,0.8977,2.692,mammal,EGFR,Rattus norvegicus
1001515,6.302,0.9195,5.582,vertebrate,SOD1,Gallus gallus
1001519,3.147,0.6663,2.236,mammal,HTT,Rattus norvegicus
1001524,2.977,0.8796,2.408,mammal,TP53,Mus musculus
1001528,2.931,0.8757,3.126,mammal,MYC,Rattus norvegicus
1001530,4.005,0.9117,5.54,vertebrate,APOE,Gallus gallus
1001532,5.281,0.9819,4.65,vertebrate,BRCA1,Gallus gallus
1001537,-1.298,0.5417,1.375,primate,APOE,Pan troglodytes
1001542,6.731,0.9796,4.734,vertebrate,APOE,Xenopus tropicalis
1001545,-0.863,0.0449,0.738,primate,HTT,Homo sapiens
1001548,-1.134,0.4996,1.375,primate,APOE,Pan troglodytes
1001550,2.733,0.9405,2.29,mammal,EGFR,Mus musculus
1001554,4.359,0.923,4.986,vertebrate,EGFR,Xenopus tropicalis
1001558,5.181,0.9251,5.343,vertebrate,EGFR,Danio rerio
1001563,5.769,0.9326,4.098,vertebrate,MYC,Xenopus tropicalis
1001564,3.54,0.709,2.368,mammal,HTT,Mus musculus
1001569,3.963,0.8243,3.135,mammal,TP53,Bos taurus
1001571,3.88,0.9201,3.409,mammal,BRCA1,Mus musculus
1001576,-0.381,0.2815,1.23,primate,TP53,Pan troglodytes
1001581,5.194,0.924,4.154,vertebrate,APOE,Xenopus tropicalis
1001586,6.087,0.9768,4.491,vertebrate,TP53,Danio rerio
1001587,4.427,0.9428,4.976,vertebrate,MYC,Xenopus tropicalis
1001591,0.675,0.3736,2.919,primate,MYC,Homo sapiens
1001595,3.362,0.9448,3.606,mammal,EGFR,Mus musculus
1001598,2.917,0.8584,2.808,mammal,EGFR,Rattus norvegicus
1001599,0.744,0.4748,0.455,primate,BRCA1,Pan troglodytes
1001601,5.311,0.9575,4.642,vertebrate,TP53,Gallus gallus
1001605,4.676,0.9068,5.948,vertebrate,APOE,Gallus gallus
1001606,2.102,0.8454,2.7,mammal,TP53,Bos taurus
1001608,3.391,0.7618,2.873,mammal,BRCA1,Bos taurus
1001612,6.923,0.9021,5.854,vertebrate,APOE,Danio rerio
1001613,4.547,0.961,5.446,vertebrate,EGFR,Danio rerio
1001618,4.922,0.9972,4.978,vertebrate,APOE,Danio rerio
1001622,-0.274,0.3158,1.004,primate,TP53,Homo sapiens
1001623,4.009,0.9557,5.228,vertebrate,SOD1,Gallus gallus
1001628,0.714,0.0554,0.095,primate,MYC,Pan troglodytes
1001631,2.51,0.7835,2.212,mammal,TP53,Rattus norvegicus
1001633,2.926,0.7937,2.859,mammal,FBN1,Bos taurus
1001635,5.004,0.9262,4.005,vertebrate,BRCA1,Danio rerio
1001640,-0.909,0.2538,2.13,primate,HTT,Homo sapiens
1001641,-0.406,0.2238,1.597,primate,APOE,Pan troglodytes
1001645,-1.111,0.323,1.558,primate,BRCA1,Pan troglodytes
1001650,2.346,0.9243,3.543,mammal,EGFR,Rattus norvegicus
1001651,1.896,0.5335,3.383,mammal,APOE,Mus musculus
1001656,6.491,0.9845,4.814,vertebrate,SOD1,Xenopus tropicalis
1001657,3.355,0.8282,2.816,mammal,FBN1,Mus musculus
1001659,4.649,0.908,5.146,vertebrate,BRCA1,Xenopus tropicalis
1001663,-0.742,0.037,2.69,primate,SOD1,Pan troglodytes
1001668,3.756,0.6645,2.523,mammal,TP53,Bos taurus
1001669,4.479,0.9685,4.018,vertebrate,FBN1,Danio rerio
1001670,2.794,0.854,2.851,mammal,EGFR,Rattus norvegicus
1001674,4.647,0.9033,5.181,vertebrate,HTT,Gallus gallus
1001675,4.687,0.9888,4.501,vertebrate,TP53,Gallus gallus
1001678,1.594,0.1442,1.636,primate,BRCA1,Pan troglodytes
1001679,1.184,0.9004,2.755,mammal,TP53,Mus musculus
1001681,1.241,0.6088,2.155,mammal,MYC,Rattus norvegicus
1001682,6.261,0.9016,4.168,vertebrate,EGFR,Xenopus tropicalis
1001683,1.564,0.0724,1.766,primate,EGFR,Pan troglodytes
1001685,4.398,0.9155,4.065,vertebrate,EGFR,Danio rerio
1001690,2.51,0.8292,2.582,mammal,APOE,Rattus norvegicus
1001692,2.503,0.6616,4.414,mammal,FBN1,Mus musculus
1001696,0.227,0.5282,-0.924,primate,BRCA1,Pan troglodytes
1001697,3.625,0.9389,5.673,vertebrate,FBN1,Xenopus tropicalis
1001700,6.823,0.9815,4.074,vertebrate,APOE,Gallus gallus
1001702,0.168,0.4424,0.316,primate,APOE,Pan troglodytes
1001703,1.28,0.9357,2.725,mammal,FBN1,Rattus norvegicus
1001704,3.324,0.8986,2.475,mammal,HTT,Rattus norvegicus
1001709,6.504,0.9368,5.307,vertebrate,BRCA1,Gallus gallus
1001713,2.155,0.0209,2.317,primate,BRCA1,Pan troglodytes
1001714,1.093,0.9437,4.132,mammal,FBN1,Mus musculus
1001718,6.488,0.9186,4.526,vertebrate,FBN1,Gallus gallus
1001721,2.675,0.7767,3.576,mammal,SOD1,Bos taurus
1001724,2.797,0.817,3.043,mammal,EGFR,Mus musculus
1001726,-1.778,0.2053,0.126,primate,EGFR,Homo sapiens
1001729,-0.368,0.2823,0.14,primate,BRCA1,Pan troglodytes
1001732,6.345,0.9435,5.388,vertebrate,FBN1,Danio rerio
1001735,4.115,0.9297,5.941,vertebrate,TP53,Xenopus tropicalis
1001736,2.176,0.6649,3.326,mammal,FBN1,Bos taurus
1001740,3.416,0.6554,3.395,mammal,FBN1,Rattus norvegicus
1001744,5.639,0.9926,5.601,vertebrate,FBN1,Danio rerio
1001746,0.511,0.267,1.447,primate,TP53,Pan troglodytes
1001751,1.15,0.8343,2.012,mammal,EGFR,Rattus norvegicus
1001754,1.021,0.5182,3.238,mammal,SOD1,Rattus norvegicus
1001759,0.033,0.599,1.496,primate,EGFR,Pan troglodytes
1001763,4.583,0.9098,5.051,vertebrate,APOE,Danio rerio
1001765,3.547,0.9289,4.834,vertebrate,MYC,Gallus gallus
1001769,1.897,0.4242,2.824,primate,SOD1,Homo sapiens
1001770,1.589,0.526,3.936,mammal,EGFR,Mus musculus
1001773,1.362,0.7104,2.376,mammal,TP53,Rattus norvegicus
1001775,1.854,0.425,-0.89,primate,TP53,Homo sapiens
1001776,0.897,0.5175,1.062,primate,HTT,Pan troglodytes
1001780,3.15,0.5519,4.228,mammal,MYC,Mus musculus
1001784,3.093,0.9485,4.269,primate,SOD1,Homo sapiens
1001787,3.969,0.6462,2.625,mammal,HTT,Mus musculus
1001790,3.65,0.6167,4.306,mammal,TP53,Bos taurus
1001791,3.913,0.9174,4.017,vertebrate,TP53,Gallus gallus
1001795,2.334,0.7078,2.716,mammal,BRCA1,Rattus norvegicus
1001796,5.509,0.9426,5.915,vertebrate,APOE,Danio rerio
1001800,-1.197,0.3875,1.886,primate,BRCA1,Pan troglodytes
1001801,3.166,0.9227,3.403,mammal,APOE,Mus musculus
1001803,6.968,0.9152,5.123,vertebrate,TP53,Gallus gallus
1001807,3.058,0.5871,3.55,mammal,FBN1,Rattus norvegicus
1001812,3.826,0.9798,4.809,vertebrate,HTT,Xenopus tropicalis
1001815,5.65,0.9855,5.851,vertebrate,SOD1,Xenopus tropicalis
1001818,5.801,0.9728,5.625,vertebrate,MYC,Xenopus tropicalis
1001820,4.469,0.9062,4.73,vertebrate,APOE,Gallus gallus
1001823,3.889,0.92,5.303,vertebrate,TP53,Danio rerio
1001828,4.644,0.9838,5.382,vertebrate,FBN1,Gallus gallus
1001832,0.911,0.0623,0.299,primate,MYC,Homo sapiens
1001837,3.302,0.7748,2.378,mammal,EGFR,Rattus norvegicus
1001839,3.724,0.9176,5.759,vertebrate,FBN1,Xenopus tropicalis
1001842,6.664,0.9732,4.994,vertebrate,HTT,Xenopus tropicalis
1001845,6.231,0.9355,5.75,vertebrate,MYC,Xenopus tropicalis
1001847,1.887,0.5665,3.443,mammal,SOD1,Mus musculus
1001849,2.015,0.5077,0.423,primate,SOD1,Pan troglodytes
1001854,2.137,0.2855,2.972,primate,TP53,Pan troglodytes
1001858,3.608,0.9047,5.807,vertebrate,TP53,Xenopus tropicalis
1001863,3.076,0.5025,3.748,mammal,TP53,Rattus norvegicus
1001865,-0.477,0.0916,2.893,primate,MYC,Pan troglodytes
1001870,2.133,0.7699,3.972,mammal,MYC,Rattus norvegicus
1001874,5.581,0.9593,4.769,vertebrate,SOD1,Gallus gallus
1001879,6.406,0.9235,4.817,vertebrate,BRCA1,Danio rerio
1001882,4.422,0.9588,5.561,vertebrate,SOD1,Gallus gallus
1001885,4.91,0.9792,4.274,vertebrate,SOD1,Xenopus tropicalis
1001887,1.591,0.8948,3.83,mammal,EGFR,Rattus norvegicus
1001889,5.213,0.9081,4.089,vertebrate,HTT,Gallus gallus
1001892,0.826,0.586,-0.964,primate,BRCA1,Pan troglodytes
1001894,4.248,0.9196,5.183,vertebrate,SOD1,Gallus gallus
1001896,3.616,0.9946,4.047,vertebrate,EGFR,Xenopus tropicalis
1001900,3.639,0.6174,3.645,mammal,TP53,Rattus norvegicus
1001903,4.923,0.9397,4.046,vertebrate,HTT,Xenopus tropicalis
1001904,5.367,0.939,4.643,vertebrate,HTT,Gallus gallus
1001905,2.153,0.5725,1.468,primate,TP53,Pan troglodytes
1001907,5.114,0.9554,5.536,vertebrate,APOE,Gallus gallus
1001909,3.939,0.718,3.82,mammal,MYC,Rattus norvegicus
1001910,1.69,0.7611,2.251,mammal,FBN1,Bos taurus
1001911,1.697,0.5766,4.298,mammal,FBN1,Bos taurus
1001912,5.596,0.9971,5.6,vertebrate,SOD1,Danio rerio
1001913,4.413,0.9383,4.607,vertebrate,SOD1,Gallus gallus
1001914,1.806,0.5639,4.444,mammal,FBN1,Mus musculus
1001916,2.626,0.6487,2.046,mammal,FBN1,Rattus norvegicus
1001919,1.909,0.6634,2.041,mammal,EGFR,Mus musculus
1001921,1.906,0.4669,2.386,primate,APOE,Pan troglodytes
1001923,4.618,0.9943,4.935,vertebrate,SOD1,Gallus gallus
1001925,5.288,0.9778,5.625,vertebrate,BRCA1,Danio rerio
1001926,3.973,0.9734,4.603,vertebrate,HTT,Gallus gallus
1001929,3.109,0.757,2.04,mammal,SOD1,Rattus norvegicus
1001934,3.746,0.7457,2.804,mammal,BRCA1,Bos taurus
1001937,3.912,0.5714,3.598,mammal,BRCA1,Rattus norvegicus
1001938,3.912,0.8804,3.806,primate,BRCA1,Homo sapiens
1001942,5.415,0.9756,4.031,vertebrate,APOE,Gallus gallus
1001945,6.667,0.9708,4.844,vertebrate,FBN1,Gallus gallus
1001947,2.208,0.9128,3.795,mammal,BRCA1,Mus musculus
1001951,2.059,0.9241,2.092,mammal,HTT,Bos taurus
1001956,6.766,0.9,5.468,vertebrate,BRCA1,Xenopus tropicalis
1001959,6.556,0.925,4.692,vertebrate,BRCA1,Gallus gallus
1001964,4.629,0.9744,5.803,vertebrate,BRCA1,Danio rerio
1001967,1.356,0.8334,2.719,mammal,HTT,Bos taurus
1001971,1.416,0.9334,3.481,mammal,FBN1,Mus musculus
1001975,3.957,0.9547,4.849,vertebrate,FBN1,Gallus gallus
1001979,3.132,0.6741,2.132,mammal,TP53,Bos taurus
1001983,3.855,0.9428,4.61,vertebrate,APOE,Gallus gallus
1001984,5.165,0.9342,4.267,vertebrate,EGFR,Xenopus tropicalis
1001986,0.7,0.0719,2.485,primate,MYC,Homo sapiens
1001991,6.034,0.9932,5.319,vertebrate,SOD1,Gallus gallus
1001994,1.671,0.9198,2.635,mammal,HTT,Mus musculus
1001996,3.419,0.8402,3.869,mammal,SOD1,Mus musculus
1002001,5.439,0.9732,5.8,vertebrate,FBN1,Gallus gallus
1002002,5.645,0.9849,4.525,vertebrate,BRCA1,Xenopus tropicalis
1002003,3.97,0.9767,5.02,vertebrate,BRCA1,Gallus gallus
1002007,5.333,0.9869,5.062,vertebrate,APOE,Gallus gallus
1002008,6.191,0.9271,5.33,vertebrate,TP53,Danio rerio
1002009,2.603,0.9138,4.426,mammal,EGFR,Bos taurus
1002012,1.814,0.5527,2.482,mammal,FBN1,Mus musculus
1002016,4.399,0.9828,4.226,vertebrate,APOE,Danio rerio
1002020,-0.779,0.4312,1.298,primate,TP53,Pan troglodytes
1002025,-0.943,0.5234,2.848,primate,TP53,Homo sapiens
1002026,6.482,0.911,4.062,vertebrate,SOD1,Danio rerio
1002030,4.288,0.9486,5.506,vertebrate,BRCA1,Xenopus tropicalis
1002033,4.242,0.9423,5.218,vertebrate,APOE,Danio rerio
1002035,2.795,0.7797,2.46,mammal,APOE,Bos taurus
1002036,5.427,0.9149,5.147,vertebrate,EGFR,Danio rerio
1002038,3.618,0.87,4.029,mammal,APOE,Rattus norvegicus
1002039,6.25,0.9971,5.05,vertebrate,HTT,Xenopus tropicalis
1002041,-1.311,0.1865,1.994,primate,BRCA1,Homo sapiens
1002044,5.55,0.9611,5.928,vertebrate,HTT,Danio rerio
1002045,0.922,0.0874,1.556,primate,HTT,Pan troglodytes
1002047,4.856,0.9983,4.029,vertebrate,EGFR,Danio rerio
1002048,3.884,0.9088,5.801,vertebrate,TP53,Xenopus tropicalis
1002049,3.863,0.9568,5.961,vertebrate,EGFR,Danio rerio
1002052,4.819,0.972,4.15,vertebrate,EGFR,Xenopus tropicalis
1002055,2.715,0.8621,4.379,mammal,SOD1,Bos taurus
1002058,1.583,0.8463,2.724,mammal,FBN1,Bos taurus
1002063,2.299,0.9402,3.495,mammal,EGFR,Rattus norvegicus
1002066,2.909,0.8381,3.458,mammal,BRCA1,Mus musculus
1002071,2.695,0.6078,4.039,mammal,HTT,Mus musculus
1002075,6.993,0.9259,4.601,vertebrate,MYC,Gallus gallus
1002078,-1.294,0.5209,0.394,primate,FBN1,Homo sapiens
1002082,2.647,0.8528,4.35,mammal,BRCA1,Mus musculus
1002084,2.789,0.598,2.546,mammal,HTT,Rattus norvegicus
1002088,6.845,0.9757,5.444,vertebrate,MYC,Gallus gallus
1002091,5.323,0.988,4.076,vertebrate,MYC,Xenopus tropicalis
1002096,3.749,0.8399,4.352,mammal,HTT,Mus musculus
1002101,6.839,0.9249,5.554,vertebrate,HTT,Xenopus tropicalis
1002106,3.982,0.6413,3.909,mammal,SOD1,Rattus norvegicus
1002110,1.807,0.2759,2.797,primate,TP53,Pan troglodytes
1002115,2.425,0.0618,0.489,primate,FBN1,Homo sapiens
1002118,6.712,0.9592,5.152,vertebrate,TP53,Danio rerio
1002123,2.194,0.7097,4.235,mammal,TP53,Rattus norvegicus
1002124,5.049,0.9692,5.106,vertebrate,FBN1,Gallus gallus
1002128,3.792,0.8078,3.586,mammal,FBN1,Bos taurus
1002130,2.953,0.9421,4.588,primate,HTT,Homo sapiens
1002135,1.453,0.8906,2.432,mammal,HTT,Rattus norvegicus
1002139,5.544,0.9697,4.747,vertebrate,BRCA1,Gallus gallus
1002140,6.959,0.9732,4.702,vertebrate,EGFR,Gallus gallus
1002143,5.441,0.9905,4.674,vertebrate,SOD1,Gallus gallus
1002146,6.708,0.9955,4.941,vertebrate,FBN1,Xenopus tropicalis
1002148,3.811,0.8028,2.689,mammal,MYC,Bos taurus
1002149,5.707,0.9529,5.178,vertebrate,SOD1,Xenopus tropicalis
1002153,-1.437,0.3298,0.918,primate,SOD1,Homo sapiens
1002157,0.534,0.1289,-0.047,primate,BRCA1,Pan troglodytes
1002160,6.145,0.9561,4.93,vertebrate,BRCA1,Danio rerio
1002164,3.505,0.5505,2.817,mammal,HTT,Mus musculus
1002165,3.337,0.5234,2.54,mammal,APOE,Rattus norvegicus
1002170,2.446,0.5026,3.941,mammal,MYC,Mus musculus
1002174,3.15,0.5747,3.254,mammal,FBN1,Bos taurus
1002177,-1.646,0.2056,-0.852,primate,BRCA1,Homo sapiens
1002179,4.774,0.9783,4.77,vertebrate,TP53,Gallus gallus
1002182,2.974,0.8065,2.694,mammal,TP53,Bos taurus
1002184,4.034,0.9564,5.826,vertebrate,MYC,Danio rerio
1002187,2.659,0.6638,2.727,mammal,MYC,Mus musculus
1002189,5.143,0.9752,5.189,vertebrate,TP53,Danio rerio
1002190,6.029,0.9907,5.359,vertebrate,MYC,Danio rerio
1002191,-1.063,0.4307,2.232,primate,FBN1,Pan troglodytes
1002194,3.957,0.9776,5.469,vertebrate,APOE,Gallus gallus
1002197,3.796,0.6615,2.019,mammal,FBN1,Rattus norvegicus
1002198,1.053,0.737,2.23,mammal,TP53,Rattus norvegicus
1002199,4.931,0.9676,4.106,vertebrate,HTT,Gallus gallus
1002204,4.755,0.9231,5.727,vertebrate,HTT,Gallus gallus
1002207,1.313,0.8555,3.453,mammal,SOD1,Rattus norvegicus
1002209,4.02,0.9744,5.009,vertebrate,MYC,Danio rerio
1002214,3.664,0.5999,2.712,mammal,SOD1,Bos taurus
1002219,4.306,0.9423,5.373,vertebrate,TP53,Xenopus tropicalis
1002220,3.938,0.9402,5.479,vertebrate,APOE,Danio rerio
1002222,4.121,0.9643,5.324,vertebrate,TP53,Danio rerio
1002227,3.654,0.867,3.739,primate,BRCA1,Pan troglodytes
1002231,2.066,0.8813,3.23,mammal,FBN1,Rattus norvegicus
1002233,2.991,0.8371,3.663,mammal,MYC,Rattus norvegicus
1002235,-0.962,0.0775,1.095,primate,EGFR,Homo sapiens
1002237,6.017,0.94,5.295,vertebrate,HTT,Xenopus tropicalis
1002238,4.946,0.9758,5.962,vertebrate,MYC,Danio rerio
1002243,0.182,0.0258,1.722,primate,BRCA1,Pan troglodytes
1002246,2.511,0.5529,3.65,mammal,SOD1,Rattus norvegicus
1002251,1.609,0.9222,3.922,mammal,BRCA1,Bos taurus
1002256,2.942,0.8966,3.81,primate,APOE,Pan troglodytes
1002258,2.778,0.5432,3.471,mammal,TP53,Rattus norvegicus
1002259,3.53,0.7745,2.859,mammal,SOD1,Rattus norvegicus
1002264,1.227,0.926,2.759,mammal,SOD1,Bos taurus
1002268,3.903,0.9831,4.552,vertebrate,MYC,Danio rerio
1002272,1.304,0.5214,3.177,mammal,EGFR,Rattus norvegicus
1002273,1.624,0.5048,3.126,mammal,MYC,Rattus norvegicus
1002276,2.409,0.5343,2.343,mammal,SOD1,Rattus norvegicus
1002279,5.016,0.9572,4.298,vertebrate,EGFR,Xenopus tropicalis
1002282,6.713,0.9565,4.329,vertebrate,FBN1,Xenopus tropicalis
1002283,3.489,0.7547,4.083,mammal,HTT,Mus musculus
1002287,2.155,0.7488,2.952,mammal,HTT,Mus musculus
1002290,-1.644,0.2035,0.228,primate,EGFR,Homo sapiens
1002295,2.975,0.5715,4.368,mammal,TP53,Rattus norvegicus
1002298,2.167,0.7596,2.094,mammal,MYC,Mus musculus
1002301,6.372,0.9083,5.683,vertebrate,HTT,Gallus gallus
1002304,5.336,0.9152,4.152,vertebrate,HTT,Xenopus tropicalis
1002307,2.324,0.9446,3.476,mammal,HTT,Bos taurus
1002310,3.693,0.7298,2.37,mammal,BRCA1,Rattus norvegicus
1002314,3.412,0.8647,2.381,mammal,EGFR,Mus musculus
1002316,3.266,0.5428,2.827,mammal,FBN1,Bos taurus
1002317,2.449,0.691,2.312,mammal,FBN1,Rattus norvegicus
1002318,2.82,0.5072,2.333,mammal,FBN1,Mus musculus
1002319,6.332,0.9522,4.337,vertebrate,EGFR,Danio rerio
1002324,3.464,0.737,3.837,mammal,MYC,Bos taurus
1002329,6.843,0.9082,5.643,vertebrate,TP53,Xenopus tropicalis
1002333,0.212,0.0952,2.144,primate,TP53,Pan troglodytes
1002335,1.762,0.5659,2.672,mammal,FBN1,Mus musculus
1002339,-0.046,0.0354,2.187,primate,APOE,Homo sapiens
1002343,3.965,0.9928,5.984,vertebrate,BRCA1,Danio rerio
1002345,-0.024,0.3059,0.827,primate,MYC,Homo sapiens
1002346,1.935,0.6656,2.38,mammal,TP53,Rattus norvegicus
1002348,6.795,0.9608,4.067,vertebrate,BRCA1,Xenopus tropicalis
1002353,2.236,0.7223,2.056,mammal,BRCA1,Bos taurus
1002354,3.094,0.6855,3.781,mammal,TP53,Mus musculus
1002359,1.35,0.8342,2.154,mammal,FBN1,Bos taurus
1002362,3.009,0.9412,3.549,primate,HTT,Pan troglodytes
1002366,6.481,0.9598,4.605,vertebrate,MYC,Gallus gallus
1002371,2.284,0.7302,4.461,mammal,MYC,Mus musculus
1002376,5.298,0.9005,5.826,vertebrate,SOD1,Xenopus tropicalis
1002381,3.601,0.935,5.331,vertebrate,SOD1,Xenopus tropicalis
1002386,2.022,0.7468,3.424,mammal,SOD1,Mus musculus
1002391,1.466,0.5221,2.279,mammal,MYC,Bos taurus
1002392,2.699,0.9472,4.003,mammal,TP53,Bos taurus
1002393,3.91,0.5522,2.199,mammal,FBN1,Mus musculus
1002397,1.951,0.8391,2.34,mammal,SOD1,Mus musculus
1002398,4.276,0.9864,5.064,vertebrate,BRCA1,Gallus gallus
1002402,1.464,0.9272,4.122,mammal,HTT,Mus musculus
1002406,4.817,0.9689,5.13,vertebrate,HTT,Danio rerio
1002411,2.984,0.7896,4.235,mammal,FBN1,Rattus norvegicus
1002415,5.709,0.9246,5.654,vertebrate,FBN1,Danio rerio
1002416,3.254,0.7961,2.315,mammal,APOE,Bos taurus
1002419,3.127,0.8748,2.505,mammal,APOE,Rattus norvegicus
1002421,6.229,0.9586,4.498,vertebrate,MYC,Danio rerio
1002425,2.359,0.7895,2.638,mammal,FBN1,Mus musculus
1002429,3.425,0.6592,2.37,mammal,HTT,Mus musculus
1002430,1.97,0.6691,4.364,mammal,BRCA1,Rattus norvegicus
1002434,5.317,0.9008,5.201,vertebrate,HTT,Xenopus tropicalis
1002437,4.373,0.9857,5.021,vertebrate,APOE,Xenopus tropicalis
1002440,3.619,0.8953,2.282,mammal,APOE,Mus musculus
1002443,2.072,0.5816,4.414,mammal,APOE,Mus musculus
1002448,1.622,0.7612,2.326,mammal,EGFR,Bos taurus
1002451,4.943,0.9391,5.398,vertebrate,APOE,Danio rerio
1002452,3.859,0.8216,2.592,mammal,BRCA1,Bos taurus
1002453,6.735,0.902,4.559,vertebrate,APOE,Danio rerio
1002456,1.428,0.6134,2.822,mammal,HTT,Rattus norvegicus
1002457,0.434,0.2953,-0.133,primate,BRCA1,Homo sapiens
1002458,4.058,0.9617,4.162,vertebrate,SOD1,Danio rerio
1002463,-1.481,0.221,1.93,primate,BRCA1,Homo sapiens
1002468,5.676,0.9751,4.644,vertebrate,MYC,Xenopus tropicalis
1002470,1.122,0.5326,-0.923,primate,SOD1,Pan troglodytes
1002472,-1.97,0.4325,2.922,primate,EGFR,Pan troglodytes
1002473,3.82,0.8161,3.491,mammal,APOE,Mus musculus
1002474,1.678,0.8049,2.625,mammal,TP53,Mus musculus
1002476,3.341,0.5714,2.205,mammal,EGFR,Rattus norvegicus
1002479,3.309,0.6382,2.802,mammal,APOE,Mus musculus
1002481,4.739,0.9974,4.16,vertebrate,MYC,Danio rerio
1002483,3.354,0.8051,3.92,mammal,FBN1,Bos taurus
1002485,2.48,0.8083,4.471,mammal,SOD1,Rattus norvegicus
1002489,3.112,0.5844,3.898,mammal,EGFR,Mus musculus
1002491,0.642,0.2596,0.888,primate,TP53,Homo sapiens
1002492,1.275,0.4273,0.081,primate,TP53,Pan troglodytes
1002495,1.539,0.6168,3.879,mammal,APOE,Mus musculus
1002496,3.456,0.8305,2.156,mammal,BRCA1,Rattus norvegicus
1002499,-0.467,0.3012,0.626,primate,FBN1,Pan troglodytes
1002504,0.78,0.0278,0.633,primate,TP53,Pan troglodytes
1002509,-1.82,0.1804,1.048,primate,BRCA1,Homo sapiens
1002511,-0.54,0.4226,0.414,primate,EGFR,Homo sapiens
1002512,1.397,0.8847,3.937,mammal,BRCA1,Bos taurus
1002516,4.644,0.9231,4.615,vertebrate,SOD1,Danio rerio
1002519,4.314,0.9537,5.17,vertebrate,HTT,Gallus gallus
1002521,1.088,0.9389,2.122,mammal,TP53,Mus musculus
1002526,2.112,0.6115,2.37,mammal,BRCA1,Mus musculus
1002527,4.217,0.9801,5.616,vertebrate,HTT,Xenopus tropicalis
1002529,3.676,0.982,4.942,vertebrate,APOE,Gallus gallus
1002531,-1.134,0.5429,2.638,primate,EGFR,Pan troglodytes
1002535,6.972,0.9211,5.311,vertebrate,APOE,Danio rerio
1002540,-1.946,0.1918,2.069,primate,BRCA1,Pan troglodytes
1002542,1.047,0.7357,4.111,mammal,HTT,Mus musculus
1002544,2.366,0.3721,-0.08,primate,BRCA1,Pan troglodytes
1002548,1.958,0.8488,3.827,mammal,BRCA1,Bos taurus
1002552,-0.838,0.3294,0.06,primate,BRCA1,Homo sapiens
1002553,3.383,0.8865,4.003,mammal,FBN1,Mus musculus
1002555,2.783,0.8685,2.024,mammal,HTT,Bos taurus
1002556,3.422,0.9443,3.97,mammal,MYC,Bos taurus
1002558,-0.899,0.2955,1.022,primate,MYC,Homo sapiens
1002559,5.146,0.9359,4.204,vertebrate,FBN1,Gallus gallus
1002563,3.323,0.5027,2.365,mammal,FBN1,Rattus norvegicus
1002564,6.672,0.9137,4.679,vertebrate,BRCA1,Xenopus tropicalis
1002568,1.868,0.7839,4.302,mammal,APOE,Bos taurus
1002570,-0.326,0.1727,1.371,primate,TP53,Pan troglodytes
1002573,3.801,0.923,4.366,mammal,MYC,Bos taurus
1002578,3.392,0.7765,4.201,mammal,EGFR,Mus musculus
1002580,6.889,0.9317,5.043,vertebrate,MYC,Gallus gallus
1002585,3.848,0.944,3.362,mammal,TP53,Mus musculus
1002587,0.271,0.1106,-0.143,primate,SOD1,Homo sapiens
1002590,2.385,0.7654,2.871,mammal,SOD1,Bos taurus
1002591,1.893,0.0084,1.72,primate,BRCA1,Pan troglodytes
1002593,1.199,0.7905,3.73,mammal,FBN1,Mus musculus
1002597,1.015,0.8989,3.811,mammal,BRCA1,Bos taurus
1002601,1.958,0.9195,4.352,mammal,MYC,Bos taurus
1002604,1.604,0.5937,4.429,mammal,MYC,Rattus norvegicus
1002607,1.007,0.4364,1.47,primate,SOD1,Pan troglodytes
1002612,-1.695,0.3035,2.357,primate,SOD1,Homo sapiens
1002614,6.367,0.9605,4.209,vertebrate,EGFR,Gallus gallus
1002619,5.466,0.9317,4.44,vertebrate,FBN1,Gallus gallus
1002622,4.831,0.9383,4.52,vertebrate,MYC,Gallus gallus
1002624,5.094,0.9972,5.381,vertebrate,FBN1,Xenopus tropicalis
1002627,2.135,0.8939,3.661,mammal,EGFR,Rattus norvegicus
1002632,3.246,0.7143,2.003,mammal,SOD1,Bos taurus
1002633,5.473,0.977,5.824,vertebrate,EGFR,Xenopus tropicalis
1002635,2.967,0.9423,3.703,mammal,BRCA1,Rattus norvegicus
1002636,2.234,0.6328,3.329,mammal,BRCA1,Bos taurus
1002638,6.077,0.9054,5.234,vertebrate,APOE,Danio rerio
1002639,1.149,0.8763,3.733,mammal,EGFR,Rattus norvegicus
1002642,3.525,0.7673,3.232,mammal,FBN1,Mus musculus
1002645,1.685,0.6401,4.169,mammal,HTT,Rattus norvegicus
1002649,3.175,0.54,4.341,mammal,SOD1,Mus musculus
1002651,3.732,0.9599,4.602,vertebrate,MYC,Xenopus tropicalis
1002656,1.061,0.9364,2.478,mammal,EGFR,Bos taurus
1002657,4.096,0.9586,5.399,vertebrate,SOD1,Danio rerio
1002662,-0.662,0.3052,2.662,primate,FBN1,Homo sapiens
1002667,6.218,0.9699,5.146,vertebrate,SOD1,Danio rerio
1002669,6.797,0.9107,4.847,vertebrate,MYC,Danio rerio
1002674,3.889,0.9231,4.88,vertebrate,SOD1,Danio rerio
1002675,2.196,0.5829,3.799,mammal,APOE,Rattus norvegicus
1002677,0.842,0.5802,2.072,primate,BRCA1,Homo sapiens
1002679,5.638,0.9248,4.006,vertebrate,BRCA1,Gallus gallus
1002681,-1.928,0.5236,2.385,primate,TP53,Pan troglodytes
1002684,1.667,0.3934,2.501,primate,FBN1,Homo sapiens
1002689,3.945,0.5672,4.059,mammal,MYC,Rattus norvegicus
1002693,3.047,0.5375,2.61,mammal,FBN1,Mus musculus
1002694,2.318,0.8817,2.855,mammal,MYC,Mus musculus
1002698,1.806,0.6061,3.33,mammal,MYC,Mus musculus
1002702,-1.468,0.314,0.093,primate,HTT,Pan troglodytes
1002705,3.534,0.5078,3.122,mammal,SOD1,Mus musculus
1002707,3.805,0.5823,2.485,mammal,SOD1,Bos taurus
1002711,2.724,0.5853,2.584,mammal,TP53,Mus musculus
1002712,1.468,0.5427,4.275,mammal,FBN1,Mus musculus
1002713,3.288,0.5817,2.661,mammal,FBN1,Mus musculus
1002716,3.899,0.9174,5.427,vertebrate,SOD1,Danio rerio
1002719,6.483,0.9061,5.474,vertebrate,FBN1,Xenopus tropicalis
1002720,3.405,0.6932,4.001,mammal,SOD1,Mus musculus
1002725,2.245,0.0973,0.06,primate,BRCA1,Pan troglodytes
1002729,6.121,0.9111,4.453,vertebrate,BRCA1,Danio rerio
1002734,3.888,0.5299,2.639,mammal,SOD1,Rattus norvegicus
1002736,6.478,0.9666,4.399,vertebrate,HTT,Gallus gallus
1002739,3.52,0.9304,5.409,vertebrate,HTT,Danio rerio
1002741,4.889,0.9688,5.316,vertebrate,MYC,Danio rerio
1002742,3.972,0.6132,3.481,mammal,MYC,Rattus norvegicus
1002743,3.827,0.7596,3.59,mammal,SOD1,Rattus norvegicus
1002744,5.958,0.9751,4.14,vertebrate,EGFR,Xenopus tropicalis
1002746,1.206,0.9379,2.398,mammal,HTT,Mus musculus
1002747,2.495,0.2678,1.546,primate,APOE,Pan troglodytes
1002751,-1.58,0.5517,2.702,primate,BRCA1,Pan troglodytes
1002755,2.853,0.6167,3.505,mammal,FBN1,Bos taurus
1002759,-1.422,0.049,1.741,primate,BRCA1,Homo sapiens
1002763,0.637,0.0767,-0.805,primate,EGFR,Pan troglodytes
1002767,3.857,0.852,3.165,mammal,APOE,Mus musculus
1002771,6.492,0.9976,4.442,vertebrate,MYC,Danio rerio
1002773,5.764,0.9037,5.22,vertebrate,TP53,Xenopus tropicalis
1002776,6.424,0.9732,5.402,vertebrate,EGFR,Danio rerio
1002779,5.868,0.9276,5.093,vertebrate,APOE,Danio rerio
1002783,3.563,0.5555,2.596,mammal,TP53,Rattus norvegicus
1002787,3.854,0.9355,2.416,mammal,FBN1,Bos taurus
1002792,1.107,0.736,2.433,mammal,HTT,Bos taurus
1002793,2.381,0.3179,1.831,primate,HTT,Homo sapiens
1002794,2.086,0.384,2.256,primate,MYC,Pan troglodytes
1002795,4.338,0.9547,5.188,vertebrate,MYC,Danio rerio
1002796,3.979,0.8623,4.306,primate,BRCA1,Pan troglodytes
1002801,-0.612,0.5549,-0.418,primate,EGFR,Pan troglodytes
1002803,-0.32,0.3681,0.742,primate,BRCA1,Homo sapiens
1002807,5.097,0.9718,4.243,vertebrate,TP53,Danio rerio
1002810,5.712,0.9276,5.359,vertebrate,HTT,Xenopus tropicalis
1002811,3.6,0.9307,5.797,vertebrate,MYC,Danio rerio
1002816,3.788,0.9642,5.295,vertebrate,FBN1,Gallus gallus
1002821,3.88,0.7592,4.119,mammal,APOE,Rattus norvegicus
1002824,1.756,0.9466,2.919,mammal,SOD1,Rattus norvegicus
1002825,2.118,0.697,2.665,mammal,SOD1,Rattus norvegicus
1002828,6.056,0.9831,4.332,vertebrate,EGFR,Gallus gallus
1002832,4.758,0.9896,5.724,vertebrate,MYC,Gallus gallus
1002836,6.614,0.9115,5.897,vertebrate,MYC,Danio rerio
1002837,3.798,0.8032,3.407,mammal,FBN1,Bos taurus
1002838,1.238,0.636,3.983,mammal,HTT,Rattus norvegicus
1002839,1.022,0.7743,2.674,mammal,TP53,Bos taurus
1002843,2.299,0.9018,2.897,mammal,TP53,Rattus norvegicus
1002846,1.252,0.5515,4.185,mammal,APOE,Bos taurus
1002851,-0.593,0.0093,-0.53,primate,MYC,Homo sapiens
1002856,1.462,0.5357,3.496,mammal,HTT,Rattus norvegicus
1002860,-1.282,0.0673,1.059,primate,HTT,Homo sapiens
1002861,0.816,0.365,1.4,primate,SOD1,Pan troglodytes
1002865,3.476,0.8817,4.239,mammal,SOD1,Bos taurus
1002867,4.81,0.9343,4.691,vertebrate,SOD1,Danio rerio
1002868,5.891,0.9528,4.339,vertebrate,TP53,Xenopus tropicalis
1002872,-1.808,0.0186,2.157,primate,HTT,Homo sapiens
1002877,3.556,0.5389,3.549,mammal,EGFR,Rattus norvegicus
1002879,2.102,0.9016,4.19,mammal,EGFR,Bos taurus
1002883,-0.809,0.4458,1.117,primate,BRCA1,Homo sapiens
1002885,1.42,0.7242,2.81,mammal,SOD1,Bos taurus
1002890,3.28,0.913,4.437,mammal,MYC,Mus musculus
1002892,6.377,0.9037,4.792,vertebrate,EGFR,Danio rerio
1002894,0.273,0.3768,-0.717,primate,EGFR,Homo sapiens
1002898,3.914,0.8425,2.007,mammal,FBN1,Mus musculus
1002899,3.87,0.9702,5.739,vertebrate,FBN1,Danio rerio
1002901,-1.971,0.0163,0.299,primate,EGFR,Pan troglodytes
1002904,4.794,0.9466,4.759,vertebrate,HTT,Gallus gallus
1002906,1.084,0.1381,0.389,primate,APOE,Homo sapiens
1002910,1.524,0.4,1.925,primate,FBN1,Homo sapiens
1002912,5.337,0.9177,4.254,vertebrate,FBN1,Danio rerio
1002913,1.497,0.8421,4.309,mammal,EGFR,Mus musculus
1002915,1.465,0.6382,3.576,mammal,MYC,Bos taurus
1002920,5.857,0.9006,5.54,vertebrate,SOD1,Gallus gallus
1002924,1.376,0.8397,3.397,mammal,MYC,Rattus norvegicus
1002927,1.981,0.1238,0.244,primate,MYC,Homo sapiens
1002930,6.237,0.9268,4.975,vertebrate,EGFR,Danio rerio
1002935,3.08,0.8098,3.518,mammal,BRCA1,Rattus norvegicus
1002938,1.622,0.8629,3.672,mammal,EGFR,Rattus norvegicus
1002942,2.832,0.8378,4.409,primate,SOD1,Pan troglodytes
1002947,3.955,0.732,3.074,mammal,FBN1,Rattus norvegicus
1002950,5.821,0.9576,4.465,vertebrate,TP53,Gallus gallus
1002953,2.81,0.6341,2.285,mammal,APOE,Mus musculus
1002954,3.665,0.996,5.538,vertebrate,FBN1,Xenopus tropicalis
1002958,6.529,0.9517,4.444,vertebrate,APOE,Danio rerio
